{
	"builds": [
		{
			"name": "Build 1",
			"version": "1.0",
			"url": "https://www.dropbox.com/s/zauwutqp363b6hh/Kodi.zip?dl=1",
			"icon": "https://ia601401.us.archive.org/35/items/plugin.program.openwizard-master/%D7%90%D7%A0%D7%9E%D7%A6%D7%99%D7%95%D7%9F/icon.png",
			"fanart": "https://ia601401.us.archive.org/35/items/plugin.program.openwizard-master/%D7%90%D7%A0%D7%9E%D7%A6%D7%99%D7%95%D7%9F/fanart.jpg",
			"description": "The first build. You need a comma after the curly bracket if this is not the last build."
		},
		{
			"name": "Build 2",
			"version": "1.0",
			"url": "https://www.dropbox.com/s/zauwutqp363b6hh/Kodi.zip?dl=1",
			"icon": "https://ia601401.us.archive.org/35/items/plugin.program.openwizard-master/%D7%90%D7%A0%D7%9E%D7%A6%D7%99%D7%95%D7%9F/icon.png",
			"fanart": "https://ia601401.us.archive.org/35/items/plugin.program.openwizard-master/%D7%90%D7%A0%D7%9E%D7%A6%D7%99%D7%95%D7%9F/fanart.jpg",
			"description": "The second build. No comma after the curly bracket if this is the last build."
		}
	]
}