<?xml version="1.0" encoding="UTF-8"?>
    <builds>
    	
        <build name = "My Build 1">
            <version>1.0</version>
            <url>https://archive.org/download/builds_20210305/kodi.zip</url>
            <icon>https://ia601401.us.archive.org/35/items/plugin.program.openwizard-master/%D7%90%D7%A0%D7%9E%D7%A6%D7%99%D7%95%D7%9F/icon.png</icon>
            <fanart>https://ia601401.us.archive.org/35/items/plugin.program.openwizard-master/%D7%90%D7%A0%D7%9E%D7%A6%D7%99%D7%95%D7%9F/fanart.jpg</fanart>
            <description>קודי אנמציון תהנו.</description>
        </build>
        
		<build name = "My Build 2">
            <version>1.0</version>
            <url>https://archive.org/download/builds_20210305/kodi.zip</url>
            <icon>https://ia601401.us.archive.org/35/items/plugin.program.openwizard-master/%D7%90%D7%A0%D7%9E%D7%A6%D7%99%D7%95%D7%9F/icon.png</icon>
            <fanart>https://ia601401.us.archive.org/35/items/plugin.program.openwizard-master/%D7%90%D7%A0%D7%9E%D7%A6%D7%99%D7%95%D7%9F/fanart.jpg</fanart>
            <description>My second build.</description>
        </build>
        
    </builds>